,folds,val_cindex
0,0,0.761596548004315
1,1,0.8251121076233184
2,2,0.7799401197604791
3,3,0.6599732262382865
4,4,0.781986531986532
